phase_id,project_id,lifecycle_phase_key,status,entered_at,exited_at,owner_role_id,gate_id,schema_version
PHS-000001,PRJ-000001,initiate,completed,2026-09-08T14:05:00Z,2026-09-15T16:00:00Z,ROL-000001,initiate_gate,0.1.0
PHS-000002,PRJ-000001,discover,active,2026-09-15T16:05:00Z,,ROL-000001,discover_gate,0.1.0
PHS-000003,PRJ-000002,initiate,completed,2026-06-01T15:05:00Z,2026-06-12T17:00:00Z,ROL-000001,initiate_gate,0.1.0
PHS-000004,PRJ-000002,discover,completed,2026-06-12T17:05:00Z,2026-07-03T16:00:00Z,ROL-000001,discover_gate,0.1.0
PHS-000005,PRJ-000002,design,completed,2026-07-03T16:05:00Z,2026-09-11T15:00:00Z,ROL-000001,design_gate,0.1.0
PHS-000006,PRJ-000002,build,active,2026-09-11T15:05:00Z,,ROL-000004,build_gate,0.1.0
PHS-000007,PRJ-000003,initiate,completed,2026-03-02T15:05:00Z,2026-03-13T17:00:00Z,ROL-000001,initiate_gate,0.1.0
PHS-000008,PRJ-000003,discover,completed,2026-03-13T17:05:00Z,2026-04-10T16:00:00Z,ROL-000001,discover_gate,0.1.0
PHS-000009,PRJ-000003,design,completed,2026-04-10T16:05:00Z,2026-05-15T16:00:00Z,ROL-000001,design_gate,0.1.0
PHS-000010,PRJ-000003,build,completed,2026-05-15T16:05:00Z,2026-07-10T16:00:00Z,ROL-000004,build_gate,0.1.0
PHS-000011,PRJ-000003,validate,completed,2026-07-10T16:05:00Z,2026-07-31T16:00:00Z,ROL-000001,validate_gate,0.1.0
PHS-000012,PRJ-000003,build,completed,2026-07-31T16:05:00Z,2026-08-21T16:00:00Z,ROL-000004,build_gate,0.1.0
PHS-000013,PRJ-000003,validate,completed,2026-08-21T16:05:00Z,2026-09-11T14:00:00Z,ROL-000001,validate_gate,0.1.0
PHS-000014,PRJ-000003,enable,completed,2026-09-11T14:05:00Z,2026-09-30T15:00:00Z,ROL-000005,enable_gate,0.1.0
PHS-000015,PRJ-000003,launch,awaiting_gate,2026-09-30T15:05:00Z,,ROL-000001,launch_gate,0.1.0
