readiness_entry_id,readiness_scorecard_id,project_id,assessment_purpose,assessed_at,calculation_version,category,weight,criteria_total_count,criteria_met_count,achieved_rate,category_score,required_evidence_complete_flag,evidence_refs,overall_score,incomplete_required_evidence_flag,schema_version
RDE-000001,RDS-000001,PRJ-000001,pre_assessment,2026-10-01T15:00:00Z,1.0.0,people,15,4,2,0.5,7.5,false,MLS-000001,16.25,true,0.1.0
RDE-000002,RDS-000001,PRJ-000001,pre_assessment,2026-10-01T15:00:00Z,1.0.0,process,15,4,1,0.25,3.75,false,TSK-000001,16.25,true,0.1.0
RDE-000003,RDS-000001,PRJ-000001,pre_assessment,2026-10-01T15:00:00Z,1.0.0,technology,25,5,0,0,0,false,,16.25,true,0.1.0
RDE-000004,RDS-000001,PRJ-000001,pre_assessment,2026-10-01T15:00:00Z,1.0.0,data,20,4,1,0.25,5,false,TSK-000003,16.25,true,0.1.0
RDE-000005,RDS-000001,PRJ-000001,pre_assessment,2026-10-01T15:00:00Z,1.0.0,training,15,4,0,0,0,false,,16.25,true,0.1.0
RDE-000006,RDS-000001,PRJ-000001,pre_assessment,2026-10-01T15:00:00Z,1.0.0,support,10,4,0,0,0,false,,16.25,true,0.1.0
RDE-000007,RDS-000002,PRJ-000002,pre_assessment,2026-10-01T16:00:00Z,1.0.0,people,15,4,3,0.75,11.25,true,MLS-000003,37.5,true,0.1.0
RDE-000008,RDS-000002,PRJ-000002,pre_assessment,2026-10-01T16:00:00Z,1.0.0,process,15,4,3,0.75,11.25,true,MLS-000004,37.5,true,0.1.0
RDE-000009,RDS-000002,PRJ-000002,pre_assessment,2026-10-01T16:00:00Z,1.0.0,technology,25,5,2,0.4,10,false,TSK-000008;TSK-000010,37.5,true,0.1.0
RDE-000010,RDS-000002,PRJ-000002,pre_assessment,2026-10-01T16:00:00Z,1.0.0,data,20,4,1,0.25,5,false,TSK-000014,37.5,true,0.1.0
RDE-000011,RDS-000002,PRJ-000002,pre_assessment,2026-10-01T16:00:00Z,1.0.0,training,15,4,0,0,0,false,,37.5,true,0.1.0
RDE-000012,RDS-000002,PRJ-000002,pre_assessment,2026-10-01T16:00:00Z,1.0.0,support,10,4,0,0,0,false,,37.5,true,0.1.0
RDE-000013,RDS-000003,PRJ-000003,launch_review,2026-10-02T15:00:00Z,1.0.0,people,15,4,4,1,15,true,TSK-000028,91.25,true,0.1.0
RDE-000014,RDS-000003,PRJ-000003,launch_review,2026-10-02T15:00:00Z,1.0.0,process,15,4,4,1,15,true,MLS-000008,91.25,true,0.1.0
RDE-000015,RDS-000003,PRJ-000003,launch_review,2026-10-02T15:00:00Z,1.0.0,technology,25,5,5,1,25,true,MLS-000010;TSK-000022,91.25,true,0.1.0
RDE-000016,RDS-000003,PRJ-000003,launch_review,2026-10-02T15:00:00Z,1.0.0,data,20,4,3,0.75,15,true,TSK-000026,91.25,true,0.1.0
RDE-000017,RDS-000003,PRJ-000003,launch_review,2026-10-02T15:00:00Z,1.0.0,training,15,4,3,0.75,11.25,false,MLS-000011;TSK-000024,91.25,true,0.1.0
RDE-000018,RDS-000003,PRJ-000003,launch_review,2026-10-02T15:00:00Z,1.0.0,support,10,4,4,1,10,true,TSK-000025;TSK-000027,91.25,true,0.1.0
