capacity_input_id,period,project_id,source_entity_type,source_entity_id,role_id,workload_component_id,workload_type,planned_hours,actual_hours,unit,capacity_inclusion_method,source_repo,source_version,org_stage,export_ready_flag
CPI-000001,2026-09,PRJ-000001,task,TSK-000001,ROL-000001,TSK-000001,task_effort,3,2.5,hours,authoritative_workload,implementation-operating-system,9acd25a,startup,true
CPI-000002,2026-09,PRJ-000001,task,TSK-000002,ROL-000001,TSK-000002,task_effort,2,2,hours,authoritative_workload,implementation-operating-system,9acd25a,startup,true
CPI-000003,2026-09,PRJ-000001,task,TSK-000003,ROL-000001,TSK-000003,task_effort,6,7,hours,authoritative_workload,implementation-operating-system,9acd25a,startup,true
CPI-000004,2026-10,PRJ-000001,task,TSK-000004,ROL-000001,TSK-000004,task_effort,8,5,hours,authoritative_workload,implementation-operating-system,9acd25a,startup,true
CPI-000005,2026-10,PRJ-000001,task,TSK-000005,ROL-000004,TSK-000005,task_effort,4,0,hours,authoritative_workload,implementation-operating-system,9acd25a,startup,true
CPI-000006,2026-10,PRJ-000001,task,TSK-000006,ROL-000001,TSK-000006,task_effort,3,0,hours,authoritative_workload,implementation-operating-system,9acd25a,startup,true
CPI-000007,2026-08,PRJ-000002,task,TSK-000007,ROL-000001,TSK-000007,task_effort,6,9,hours,authoritative_workload,implementation-operating-system,9acd25a,early_scale,true
CPI-000008,2026-09,PRJ-000002,task,TSK-000008,ROL-000004,TSK-000008,task_effort,4,4,hours,authoritative_workload,implementation-operating-system,9acd25a,early_scale,true
CPI-000009,2026-10,PRJ-000002,task,TSK-000009,ROL-000004,TSK-000009,task_effort,16,10,hours,authoritative_workload,implementation-operating-system,9acd25a,early_scale,true
CPI-000010,2026-09,PRJ-000002,task,TSK-000010,ROL-000004,TSK-000010,task_effort,6,5,hours,authoritative_workload,implementation-operating-system,9acd25a,early_scale,true
CPI-000011,2026-09,PRJ-000002,task,TSK-000011,ROL-000001,TSK-000011,task_effort,4,2,hours,authoritative_workload,implementation-operating-system,9acd25a,early_scale,true
CPI-000012,2026-09,PRJ-000002,task,TSK-000012,ROL-000004,TSK-000012,task_effort,12,0,hours,authoritative_workload,implementation-operating-system,9acd25a,early_scale,true
CPI-000013,2026-10,PRJ-000002,task,TSK-000013,ROL-000004,TSK-000013,task_effort,6,0,hours,authoritative_workload,implementation-operating-system,9acd25a,early_scale,true
CPI-000014,2026-10,PRJ-000002,task,TSK-000014,ROL-000004,TSK-000014,task_effort,8,3,hours,authoritative_workload,implementation-operating-system,9acd25a,early_scale,true
CPI-000015,2026-10,PRJ-000002,task,TSK-000015,ROL-000001,TSK-000015,task_effort,5,0,hours,authoritative_workload,implementation-operating-system,9acd25a,early_scale,true
CPI-000016,2026-09,PRJ-000002,task,TSK-000016,ROL-000001,TSK-000016,task_effort,1,1.5,hours,authoritative_workload,implementation-operating-system,9acd25a,early_scale,true
CPI-000017,2026-05,PRJ-000003,task,TSK-000017,ROL-000001,TSK-000017,task_effort,8,8,hours,authoritative_workload,implementation-operating-system,9acd25a,structured_growth,true
CPI-000018,2026-06,PRJ-000003,task,TSK-000018,ROL-000004,TSK-000018,task_effort,24,28,hours,authoritative_workload,implementation-operating-system,9acd25a,structured_growth,true
CPI-000019,2026-07,PRJ-000003,task,TSK-000019,ROL-000004,TSK-000019,task_effort,20,26,hours,authoritative_workload,implementation-operating-system,9acd25a,structured_growth,true
CPI-000020,2026-07,PRJ-000003,task,TSK-000020,ROL-000001,TSK-000020,task_effort,12,14,hours,authoritative_workload,implementation-operating-system,9acd25a,structured_growth,true
CPI-000021,2026-08,PRJ-000003,task,TSK-000021,ROL-000004,TSK-000021,task_effort,16,18,hours,authoritative_workload,implementation-operating-system,9acd25a,structured_growth,true
CPI-000022,2026-09,PRJ-000003,task,TSK-000022,ROL-000001,TSK-000022,task_effort,10,9,hours,authoritative_workload,implementation-operating-system,9acd25a,structured_growth,true
CPI-000023,2026-09,PRJ-000003,task,TSK-000023,ROL-000005,TSK-000023,task_effort,8,8,hours,authoritative_workload,implementation-operating-system,9acd25a,structured_growth,true
CPI-000024,2026-09,PRJ-000003,task,TSK-000024,ROL-000005,TSK-000024,task_effort,12,13,hours,authoritative_workload,implementation-operating-system,9acd25a,structured_growth,true
CPI-000025,2026-09,PRJ-000003,task,TSK-000025,ROL-000006,TSK-000025,task_effort,6,6,hours,authoritative_workload,implementation-operating-system,9acd25a,structured_growth,true
CPI-000026,2026-10,PRJ-000003,task,TSK-000026,ROL-000004,TSK-000026,task_effort,8,8,hours,authoritative_workload,implementation-operating-system,9acd25a,structured_growth,true
CPI-000027,2026-10,PRJ-000003,task,TSK-000027,ROL-000006,TSK-000027,task_effort,3,3,hours,authoritative_workload,implementation-operating-system,9acd25a,structured_growth,true
CPI-000028,2026-10,PRJ-000003,task,TSK-000028,ROL-000001,TSK-000028,task_effort,4,4,hours,authoritative_workload,implementation-operating-system,9acd25a,structured_growth,true
CPI-000029,2026-10,PRJ-000003,task,TSK-000029,ROL-000005,TSK-000029,task_effort,3,1.5,hours,authoritative_workload,implementation-operating-system,9acd25a,structured_growth,true
CPI-000030,2026-10,PRJ-000003,task,TSK-000030,ROL-000001,TSK-000030,task_effort,2,0,hours,authoritative_workload,implementation-operating-system,9acd25a,structured_growth,true
CPI-000031,2026-09,PRJ-000002,request,REQ-000002,ROL-000004,TSK-000011,request_handling,4,2,hours,excluded_to_prevent_double_count,implementation-operating-system,9acd25a,early_scale,true
CPI-000032,2026-10,PRJ-000003,request,REQ-000006,ROL-000004,TSK-000026,request_handling,8,8,hours,excluded_to_prevent_double_count,implementation-operating-system,9acd25a,structured_growth,true
CPI-000033,2026-10,PRJ-000003,handoff,HND-000002,ROL-000006,TSK-000026,handoff_effort,8,8,hours,excluded_to_prevent_double_count,implementation-operating-system,9acd25a,structured_growth,true
CPI-000034,2026-09,PRJ-000002,phase,PHS-000006,ROL-000004,PHS-000006,phase_summary,62,25.5,hours,informational_only,implementation-operating-system,9acd25a,early_scale,true
CPI-000035,2026-09,PRJ-000003,phase,PHS-000015,ROL-000001,PHS-000015,phase_summary,20,16.5,hours,informational_only,implementation-operating-system,9acd25a,structured_growth,true
