event_id,event_type,occurred_at,actor_id,actor_type,subject_type,subject_id,payload,source_repo,schema_version
EVT-000001,project.created,2026-09-08T14:00:00Z,PER-000001,human,project,PRJ-000001,"{""status"": ""active"", ""profile_id"": ""PRF-000001"", ""target_launch_date"": ""2026-12-01""}",implementation-operating-system,1.0.0
EVT-000002,phase.entered,2026-09-08T14:05:00Z,PER-000001,human,phase,PHS-000001,"{""project_id"": ""PRJ-000001"", ""phase_key"": ""initiate""}",implementation-operating-system,1.0.0
EVT-000003,handoff.completed,2026-09-08T14:10:00Z,PER-000001,human,handoff,HND-000001,"{""project_id"": ""PRJ-000001"", ""from_role_id"": ""ROL-000008"", ""to_role_id"": ""ROL-000001""}",implementation-operating-system,1.0.0
EVT-000004,risk.logged,2026-09-10T15:00:00Z,PER-000002,human,risk,RSK-000002,"{""project_id"": ""PRJ-000002"", ""severity"": ""sev2"", ""risk_score"": 12}",implementation-operating-system,1.0.0
EVT-000005,task.status_changed,2026-09-10T17:00:00Z,PER-000001,human,task,TSK-000001,"{""project_id"": ""PRJ-000001"", ""from_status"": ""in_progress"", ""to_status"": ""completed""}",implementation-operating-system,1.0.0
EVT-000006,milestone.achieved,2026-09-10T20:30:00Z,PER-000001,human,milestone,MLS-000001,"{""project_id"": ""PRJ-000001"", ""achieved_date"": ""2026-09-10""}",implementation-operating-system,1.0.0
EVT-000007,gate.assessed,2026-09-11T13:30:00Z,PER-000003,human,gate_assessment,GAT-000003,"{""project_id"": ""PRJ-000003"", ""phase_key"": ""validate"", ""outcome"": ""pass"", ""assessor_id"": ""PER-000003""}",implementation-operating-system,1.0.0
EVT-000008,phase.exited,2026-09-11T14:00:00Z,PER-000003,human,phase,PHS-000013,"{""project_id"": ""PRJ-000003"", ""phase_key"": ""validate"", ""gate_assessment_id"": ""GAT-000003""}",implementation-operating-system,1.0.0
EVT-000009,phase.entered,2026-09-11T14:05:00Z,PER-000003,human,phase,PHS-000014,"{""project_id"": ""PRJ-000003"", ""phase_key"": ""enable""}",implementation-operating-system,1.0.0
EVT-000010,gate.assessed,2026-09-11T14:30:00Z,PER-000002,human,gate_assessment,GAT-000002,"{""project_id"": ""PRJ-000002"", ""phase_key"": ""design"", ""outcome"": ""pass_with_conditions"", ""assessor_id"": ""PER-000002"", ""conditions"": [""RSK-000002""]}",implementation-operating-system,1.0.0
EVT-000011,phase.exited,2026-09-11T15:00:00Z,PER-000002,human,phase,PHS-000005,"{""project_id"": ""PRJ-000002"", ""phase_key"": ""design"", ""gate_assessment_id"": ""GAT-000002""}",implementation-operating-system,1.0.0
EVT-000012,phase.entered,2026-09-11T15:05:00Z,PER-000002,human,phase,PHS-000006,"{""project_id"": ""PRJ-000002"", ""phase_key"": ""build""}",implementation-operating-system,1.0.0
EVT-000013,gate.assessed,2026-09-15T15:45:00Z,PER-000001,human,gate_assessment,GAT-000001,"{""project_id"": ""PRJ-000001"", ""phase_key"": ""initiate"", ""outcome"": ""pass"", ""assessor_id"": ""PER-000001""}",implementation-operating-system,1.0.0
EVT-000014,phase.exited,2026-09-15T16:00:00Z,PER-000001,human,phase,PHS-000001,"{""project_id"": ""PRJ-000001"", ""phase_key"": ""initiate"", ""gate_assessment_id"": ""GAT-000001""}",implementation-operating-system,1.0.0
EVT-000015,phase.entered,2026-09-15T16:05:00Z,PER-000001,human,phase,PHS-000002,"{""project_id"": ""PRJ-000001"", ""phase_key"": ""discover""}",implementation-operating-system,1.0.0
EVT-000016,request.submitted,2026-09-15T17:00:00Z,PER-000002,human,request,REQ-000002,"{""project_id"": ""PRJ-000002"", ""request_type"": ""access"", ""due_at"": ""2026-09-30T17:00:00Z""}",implementation-operating-system,1.0.0
EVT-000017,request.status_changed,2026-09-15T19:00:00Z,PER-000002,human,request,REQ-000002,"{""from_status"": ""submitted"", ""to_status"": ""triaged""}",implementation-operating-system,1.0.0
EVT-000018,request.status_changed,2026-09-16T14:00:00Z,PER-000002,human,request,REQ-000002,"{""from_status"": ""triaged"", ""to_status"": ""accepted""}",implementation-operating-system,1.0.0
EVT-000019,request.status_changed,2026-09-16T15:00:00Z,PER-000002,human,request,REQ-000002,"{""from_status"": ""accepted"", ""to_status"": ""in_progress""}",implementation-operating-system,1.0.0
EVT-000020,risk.logged,2026-09-17T15:00:00Z,PER-000001,human,risk,RSK-000001,"{""project_id"": ""PRJ-000001"", ""severity"": ""sev3"", ""risk_score"": 6}",implementation-operating-system,1.0.0
EVT-000021,issue.logged,2026-09-21T14:00:00Z,PER-000003,human,issue,ISS-000004,"{""project_id"": ""PRJ-000003"", ""severity"": ""sev3""}",implementation-operating-system,1.0.0
EVT-000022,issue.resolved,2026-09-23T16:00:00Z,PER-000003,human,issue,ISS-000004,"{""project_id"": ""PRJ-000003"", ""resolution_summary"": ""Classes were moved to separate time slots.""}",implementation-operating-system,1.0.0
EVT-000023,request.status_changed,2026-09-24T15:00:00Z,PER-000002,human,request,REQ-000002,"{""from_status"": ""in_progress"", ""to_status"": ""blocked"", ""reason"": ""Waiting for integration credentials from the customer.""}",implementation-operating-system,1.0.0
EVT-000024,task.status_changed,2026-09-24T15:30:00Z,PER-000002,human,task,TSK-000011,"{""project_id"": ""PRJ-000002"", ""from_status"": ""in_progress"", ""to_status"": ""blocked""}",implementation-operating-system,1.0.0
EVT-000025,risk.status_changed,2026-09-24T16:00:00Z,PER-000002,human,risk,RSK-000002,"{""from_status"": ""open"", ""to_status"": ""mitigating"", ""risk_score"": 12}",implementation-operating-system,1.0.0
EVT-000026,issue.logged,2026-09-24T17:00:00Z,PER-000002,human,issue,ISS-000002,"{""project_id"": ""PRJ-000002"", ""severity"": ""sev2""}",implementation-operating-system,1.0.0
EVT-000027,request.escalated,2026-09-26T15:00:00Z,RUL-000003,system,request,REQ-000002,"{""rule_id"": ""RUL-000003"", ""escalation_role_id"": ""ROL-000003"", ""severity"": ""sev2""}",implementation-operating-system,1.0.0
EVT-000028,milestone.achieved,2026-09-29T19:30:00Z,PER-000003,human,milestone,MLS-000011,"{""project_id"": ""PRJ-000003"", ""achieved_date"": ""2026-09-29""}",implementation-operating-system,1.0.0
EVT-000029,gate.assessed,2026-09-30T14:30:00Z,PER-000003,human,gate_assessment,GAT-000004,"{""project_id"": ""PRJ-000003"", ""phase_key"": ""enable"", ""outcome"": ""pass"", ""assessor_id"": ""PER-000003""}",implementation-operating-system,1.0.0
EVT-000030,phase.exited,2026-09-30T15:00:00Z,PER-000003,human,phase,PHS-000014,"{""project_id"": ""PRJ-000003"", ""phase_key"": ""enable"", ""gate_assessment_id"": ""GAT-000004""}",implementation-operating-system,1.0.0
EVT-000031,phase.entered,2026-09-30T15:05:00Z,PER-000003,human,phase,PHS-000015,"{""project_id"": ""PRJ-000003"", ""phase_key"": ""launch""}",implementation-operating-system,1.0.0
EVT-000032,readiness.scored,2026-10-01T15:00:00Z,RUL-000301,system,readiness_scorecard,RDS-000001,"{""project_id"": ""PRJ-000001"", ""readiness_score"": 16.25, ""category_scores"": {""people"": 7.5, ""process"": 3.75, ""technology"": 0.0, ""data"": 5.0, ""training"": 0.0, ""support"": 0.0}}",implementation-operating-system,1.0.0
EVT-000033,readiness.scored,2026-10-01T16:00:00Z,RUL-000301,system,readiness_scorecard,RDS-000002,"{""project_id"": ""PRJ-000002"", ""readiness_score"": 37.5, ""category_scores"": {""people"": 11.25, ""process"": 11.25, ""technology"": 10.0, ""data"": 5.0, ""training"": 0.0, ""support"": 0.0}}",implementation-operating-system,1.0.0
EVT-000034,readiness.scored,2026-10-02T15:00:00Z,RUL-000301,system,readiness_scorecard,RDS-000003,"{""project_id"": ""PRJ-000003"", ""readiness_score"": 91.25, ""category_scores"": {""people"": 15.0, ""process"": 15.0, ""technology"": 25.0, ""data"": 15.0, ""training"": 11.25, ""support"": 10.0}}",implementation-operating-system,1.0.0
EVT-000035,handoff.completed,2026-10-02T17:00:00Z,PER-000005,human,handoff,HND-000002,"{""project_id"": ""PRJ-000003"", ""from_role_id"": ""ROL-000004"", ""to_role_id"": ""ROL-000006""}",implementation-operating-system,1.0.0
EVT-000036,request.status_changed,2026-10-02T17:05:00Z,PER-000005,human,request,REQ-000006,"{""from_status"": ""ready_for_handoff"", ""to_status"": ""handed_off""}",implementation-operating-system,1.0.0
EVT-000037,milestone.missed,2026-10-03T09:00:00Z,PER-000002,human,milestone,MLS-000005,"{""project_id"": ""PRJ-000002"", ""due_date"": ""2026-10-02"", ""reason"": ""Integration credentials have not been provided.""}",implementation-operating-system,1.0.0
EVT-000038,request.submitted,2026-10-05T14:00:00Z,PER-000003,human,request,REQ-000008,"{""project_id"": ""PRJ-000003"", ""request_type"": ""information"", ""due_at"": ""2026-10-09T17:00:00Z""}",implementation-operating-system,1.0.0
