task_id,project_id,phase_id,milestone_id,name,status,owner_role_id,planned_hours,actual_hours,predecessor_task_ids,planned_start_date,planned_due_date,completed_at,critical_flag,schema_version
TSK-000001,PRJ-000001,PHS-000001,MLS-000001,Confirm scope and success criteria,completed,ROL-000001,3,2.5,,2026-09-08,2026-09-10,2026-09-10T17:00:00Z,true,0.1.0
TSK-000002,PRJ-000001,PHS-000001,MLS-000001,Run kickoff session,completed,ROL-000001,2,2,TSK-000001,2026-09-10,2026-09-11,2026-09-10T20:00:00Z,true,0.1.0
TSK-000003,PRJ-000001,PHS-000002,MLS-000002,Collect current-state inventory,completed,ROL-000001,6,7,TSK-000002,2026-09-15,2026-09-25,2026-09-25T18:00:00Z,true,0.1.0
TSK-000004,PRJ-000001,PHS-000002,MLS-000002,Map current process steps,in_progress,ROL-000001,8,5,TSK-000003,2026-09-28,2026-10-07,,true,0.1.0
TSK-000005,PRJ-000001,PHS-000002,MLS-000002,Document data sources,not_started,ROL-000004,4,,TSK-000003,2026-10-01,2026-10-08,,false,0.1.0
TSK-000006,PRJ-000001,PHS-000002,MLS-000002,Draft discovery summary,not_started,ROL-000001,3,,TSK-000004;TSK-000005,2026-10-07,2026-10-09,,true,0.1.0
TSK-000007,PRJ-000002,PHS-000005,MLS-000004,Approve solution design,completed,ROL-000001,6,9,,2026-07-20,2026-08-14,2026-09-10T16:00:00Z,true,0.1.0
TSK-000008,PRJ-000002,PHS-000006,MLS-000006,Set up build environment access,completed,ROL-000004,4,4,TSK-000007,2026-09-11,2026-09-15,2026-09-15T17:00:00Z,true,0.1.0
TSK-000009,PRJ-000002,PHS-000006,MLS-000006,Configure core records,in_progress,ROL-000004,16,10,TSK-000008,2026-09-15,2026-10-09,,true,0.1.0
TSK-000010,PRJ-000002,PHS-000006,MLS-000006,Configure user roles,completed,ROL-000004,6,5,TSK-000008,2026-09-15,2026-09-22,2026-09-22T18:00:00Z,false,0.1.0
TSK-000011,PRJ-000002,PHS-000006,MLS-000005,Obtain integration credentials from the customer,blocked,ROL-000001,4,2,TSK-000008,2026-09-16,2026-09-25,,true,0.1.0
TSK-000012,PRJ-000002,PHS-000006,MLS-000005,Build integration mappings,not_started,ROL-000004,12,,TSK-000011,2026-09-25,2026-09-30,,true,0.1.0
TSK-000013,PRJ-000002,PHS-000006,MLS-000005,Test integration end to end,not_started,ROL-000004,6,,TSK-000012,2026-09-30,2026-10-02,,true,0.1.0
TSK-000014,PRJ-000002,PHS-000006,MLS-000006,Load reference data,in_progress,ROL-000004,8,3,TSK-000010,2026-09-22,2026-10-09,,false,0.1.0
TSK-000015,PRJ-000002,PHS-000006,MLS-000006,Prepare validation scenarios,not_started,ROL-000001,5,,TSK-000009,2026-10-09,2026-10-16,,false,0.1.0
TSK-000016,PRJ-000002,PHS-000006,,Update risk entries after the design change,completed,ROL-000001,1,1.5,,2026-09-11,2026-09-12,2026-09-12T15:00:00Z,false,0.1.0
TSK-000017,PRJ-000003,PHS-000009,MLS-000008,Approve solution design,completed,ROL-000001,8,8,,2026-04-27,2026-05-14,2026-05-14T16:00:00Z,true,0.1.0
TSK-000018,PRJ-000003,PHS-000010,MLS-000009,Configure core records,completed,ROL-000004,24,28,TSK-000017,2026-05-15,2026-06-19,2026-06-19T17:00:00Z,true,0.1.0
TSK-000019,PRJ-000003,PHS-000010,MLS-000009,Build integrations,completed,ROL-000004,20,26,TSK-000017,2026-05-15,2026-07-03,2026-07-08T17:00:00Z,true,0.1.0
TSK-000020,PRJ-000003,PHS-000011,MLS-000010,Run first acceptance test cycle,completed,ROL-000001,12,14,TSK-000018;TSK-000019,2026-07-10,2026-07-24,2026-07-29T17:00:00Z,true,0.1.0
TSK-000021,PRJ-000003,PHS-000012,MLS-000009,Fix defects from the first test cycle,completed,ROL-000004,16,18,TSK-000020,2026-07-31,2026-08-19,2026-08-20T17:00:00Z,true,0.1.0
TSK-000022,PRJ-000003,PHS-000013,MLS-000010,Run second acceptance test cycle,completed,ROL-000001,10,9,TSK-000021,2026-08-21,2026-09-09,2026-09-10T17:00:00Z,true,0.1.0
TSK-000023,PRJ-000003,PHS-000014,MLS-000011,Train customer administrators,completed,ROL-000005,8,8,TSK-000022,2026-09-14,2026-09-22,2026-09-22T19:00:00Z,true,0.1.0
TSK-000024,PRJ-000003,PHS-000014,MLS-000011,Train end users,completed,ROL-000005,12,13,TSK-000023,2026-09-22,2026-09-26,2026-09-29T19:00:00Z,true,0.1.0
TSK-000025,PRJ-000003,PHS-000014,MLS-000012,Publish support runbook,completed,ROL-000006,6,6,TSK-000022,2026-09-14,2026-09-25,2026-09-25T17:00:00Z,false,0.1.0
TSK-000026,PRJ-000003,PHS-000015,MLS-000012,Validate final data load plan,completed,ROL-000004,8,8,TSK-000022,2026-09-30,2026-10-01,2026-10-01T16:00:00Z,true,0.1.0
TSK-000027,PRJ-000003,PHS-000015,MLS-000012,Confirm support coverage for launch week,completed,ROL-000006,3,3,TSK-000025,2026-09-30,2026-10-01,2026-10-01T17:00:00Z,true,0.1.0
TSK-000028,PRJ-000003,PHS-000015,MLS-000012,Prepare launch readiness review,completed,ROL-000001,4,4,TSK-000024;TSK-000025,2026-09-30,2026-10-02,2026-10-02T14:00:00Z,true,0.1.0
TSK-000029,PRJ-000003,PHS-000015,MLS-000012,Collect remaining training sign-offs,in_progress,ROL-000005,3,1.5,TSK-000024,2026-09-30,2026-10-09,,false,0.1.0
TSK-000030,PRJ-000003,PHS-000015,MLS-000012,Schedule post-launch check-ins,not_started,ROL-000001,2,,TSK-000028,2026-10-12,2026-10-16,,false,0.1.0
