capacity_input_id,source_entity_type,source_entity_id,workload_component_id,workload_type,capacity_inclusion_method,unit,source_repo,source_version
CPI-000001,task,TSK-000001,TSK-000001,task_effort,authoritative_workload,hours,implementation-operating-system,9acd25a
CPI-000002,task,TSK-000002,TSK-000002,task_effort,authoritative_workload,hours,implementation-operating-system,9acd25a
CPI-000003,task,TSK-000003,TSK-000003,task_effort,authoritative_workload,hours,implementation-operating-system,9acd25a
CPI-000004,task,TSK-000004,TSK-000004,task_effort,authoritative_workload,hours,implementation-operating-system,9acd25a
CPI-000005,task,TSK-000005,TSK-000005,task_effort,authoritative_workload,hours,implementation-operating-system,9acd25a
CPI-000006,task,TSK-000006,TSK-000006,task_effort,authoritative_workload,hours,implementation-operating-system,9acd25a
CPI-000007,task,TSK-000007,TSK-000007,task_effort,authoritative_workload,hours,implementation-operating-system,9acd25a
CPI-000008,task,TSK-000008,TSK-000008,task_effort,authoritative_workload,hours,implementation-operating-system,9acd25a
CPI-000009,task,TSK-000009,TSK-000009,task_effort,authoritative_workload,hours,implementation-operating-system,9acd25a
CPI-000010,task,TSK-000010,TSK-000010,task_effort,authoritative_workload,hours,implementation-operating-system,9acd25a
CPI-000011,task,TSK-000011,TSK-000011,task_effort,authoritative_workload,hours,implementation-operating-system,9acd25a
CPI-000012,task,TSK-000012,TSK-000012,task_effort,authoritative_workload,hours,implementation-operating-system,9acd25a
CPI-000013,task,TSK-000013,TSK-000013,task_effort,authoritative_workload,hours,implementation-operating-system,9acd25a
CPI-000014,task,TSK-000014,TSK-000014,task_effort,authoritative_workload,hours,implementation-operating-system,9acd25a
CPI-000015,task,TSK-000015,TSK-000015,task_effort,authoritative_workload,hours,implementation-operating-system,9acd25a
CPI-000016,task,TSK-000016,TSK-000016,task_effort,authoritative_workload,hours,implementation-operating-system,9acd25a
CPI-000017,task,TSK-000017,TSK-000017,task_effort,authoritative_workload,hours,implementation-operating-system,9acd25a
CPI-000018,task,TSK-000018,TSK-000018,task_effort,authoritative_workload,hours,implementation-operating-system,9acd25a
CPI-000019,task,TSK-000019,TSK-000019,task_effort,authoritative_workload,hours,implementation-operating-system,9acd25a
CPI-000020,task,TSK-000020,TSK-000020,task_effort,authoritative_workload,hours,implementation-operating-system,9acd25a
CPI-000021,task,TSK-000021,TSK-000021,task_effort,authoritative_workload,hours,implementation-operating-system,9acd25a
CPI-000022,task,TSK-000022,TSK-000022,task_effort,authoritative_workload,hours,implementation-operating-system,9acd25a
CPI-000023,task,TSK-000023,TSK-000023,task_effort,authoritative_workload,hours,implementation-operating-system,9acd25a
CPI-000024,task,TSK-000024,TSK-000024,task_effort,authoritative_workload,hours,implementation-operating-system,9acd25a
CPI-000025,task,TSK-000025,TSK-000025,task_effort,authoritative_workload,hours,implementation-operating-system,9acd25a
CPI-000026,task,TSK-000026,TSK-000026,task_effort,authoritative_workload,hours,implementation-operating-system,9acd25a
CPI-000027,task,TSK-000027,TSK-000027,task_effort,authoritative_workload,hours,implementation-operating-system,9acd25a
CPI-000028,task,TSK-000028,TSK-000028,task_effort,authoritative_workload,hours,implementation-operating-system,9acd25a
CPI-000029,task,TSK-000029,TSK-000029,task_effort,authoritative_workload,hours,implementation-operating-system,9acd25a
CPI-000030,task,TSK-000030,TSK-000030,task_effort,authoritative_workload,hours,implementation-operating-system,9acd25a
CPI-000031,request,REQ-000002,TSK-000011,request_handling,excluded_to_prevent_double_count,hours,implementation-operating-system,9acd25a
CPI-000032,request,REQ-000006,TSK-000026,request_handling,excluded_to_prevent_double_count,hours,implementation-operating-system,9acd25a
CPI-000033,handoff,HND-000002,TSK-000026,handoff_effort,excluded_to_prevent_double_count,hours,implementation-operating-system,9acd25a
CPI-000034,phase,PHS-000006,PHS-000006,phase_summary,informational_only,hours,implementation-operating-system,9acd25a
CPI-000035,phase,PHS-000015,PHS-000015,phase_summary,informational_only,hours,implementation-operating-system,9acd25a
